capacity,errorRate,m,k,insertTime,checkTime,hits,insertCount,falsePositives,testSize,falsePositiveRate
100000,0.1000,468.0205,4,173.839115ms,131.729294ms,100000,100000,40,1000,0.0400
100000,0.0100,936.0410,7,162.143672ms,140.227459ms,100000,100000,2,1000,0.0020
100000,0.0010,1404.0615,10,145.527927ms,132.816403ms,100000,100000,0,1000,0.0000
100000,0.0001,1872.0820,14,153.996249ms,141.936465ms,100000,100000,0,1000,0.0000
100000,0.0000,2340.1025,17,160.783206ms,144.071ms,100000,100000,0,1000,0.0000
100000,0.0000,2808.1230,20,161.616838ms,153.601479ms,100000,100000,0,1000,0.0000
100000,0.0000,3276.1436,24,170.666104ms,176.181756ms,100000,100000,0,1000,0.0000
100000,0.0000,3744.1641,27,169.435353ms,145.125708ms,100000,100000,0,1000,0.0000
