capacity,errorRate,m,k,insertTime,checkTime,hits,insertCount,falsePositives,testSize,falsePositiveRate
10000,0.001000000000,140.4062,10,2.117612ms,3.437536ms,1000,1000,0,1000,0.0000
10000,0.001000000000,140.4062,10,16.328052ms,16.007241ms,10000,10000,1,1000,0.0010
10000,0.001000000000,140.4062,10,81.575053ms,71.937042ms,50000,50000,1,1000,0.0010
10000,0.001000000000,140.4062,10,174.23097ms,147.982134ms,100000,100000,1,1000,0.0010
10000,0.001000000000,140.4062,10,885.006209ms,738.95565ms,500000,500000,1,1000,0.0010
10000,0.001000000000,140.4062,10,1.875851798s,1.524780374s,1000000,1000000,1,1000,0.0010
