capacity,errorRate,m,k,insertTime,checkTime,hits,insertCount,falsePositives,testSize,falsePositiveRate
10000,0.001000000000,140.4062,10,3.044198ms,5.759834ms,1000,1000,0,1000,0.0000
10000,0.001000000000,140.4062,10,21.520837ms,20.25589ms,10000,10000,1,1000,0.0010
10000,0.001000000000,140.4062,10,105.829588ms,96.678313ms,50000,50000,1,1000,0.0010
10000,0.001000000000,140.4062,10,160.526209ms,143.958091ms,100000,100000,1,1000,0.0010
10000,0.001000000000,140.4062,10,968.829892ms,755.078159ms,500000,500000,1,1000,0.0010
10000,0.001000000000,140.4062,10,2.272882202s,1.502116378s,1000000,1000000,1,1000,0.0010
